<ArrayOfComplianceStatementExport xmlns:xsi="http://www.w3.org/2001/XMLSchema-instance" xmlns:xsd="http://www.w3.org/2001/XMLSchema"><ComplianceStatementExport><family>AC</family><number>1</number><enhancement>0</enhancement><cci>CCI-000001</cci><cciDefinition>The organization develops an access control policy that addresses purpose, scope, roles, responsibilities, management commitment, coordination among organizational entities, and compliance.</cciDefinition><statement>The access control policy document addresses all purpose, scope, roles, responsibilities, and includes procedures, processes and update frequency information to validate and keep this up-to-date.</statement><status>NotAFinding</status></ComplianceStatementExport><ComplianceStatementExport><family>AC</family><number>1</number><enhancement>0</enhancement><cci>CCI-000002</cci><cciDefinition>The organization disseminates the access control policy to organization-defined personnel or roles.</cciDefinition><statement>The access control policy document addresses all purpose, scope, roles, responsibilities, and includes procedures, processes and update frequency information to validate and keep this up-to-date.</statement><status>NotAFinding</status></ComplianceStatementExport><ComplianceStatementExport><family>AC</family><number>1</number><enhancement>0</enhancement><cci>CCI-000003</cci><cciDefinition>The organization reviews and updates the access control policy in accordance with organization-defined frequency.</cciDefinition><statement>The access control policy document addresses all purpose, scope, roles, responsibilities, and includes procedures, processes and update frequency information to validate and keep this up-to-date.</statement><status>NotAFinding</status></ComplianceStatementExport><ComplianceStatementExport><family>AC</family><number>1</number><enhancement>0</enhancement><cci>CCI-000004</cci><cciDefinition>The organization develops procedures to facilitate the implementation of the access control policy and associated access controls.</cciDefinition><statement>The access control policy document addresses all purpose, scope, roles, responsibilities, and includes procedures, processes and update frequency information to validate and keep this up-to-date.</statement><status>NotAFinding</status></ComplianceStatementExport><ComplianceStatementExport><family>AC</family><number>1</number><enhancement>0</enhancement><cci>CCI-000005</cci><cciDefinition>The organization disseminates the procedures to facilitate access control policy and associated access controls to the organization-defined personnel or roles.</cciDefinition><statement>The access control policy document addresses all purpose, scope, roles, responsibilities, and includes procedures, processes and update frequency information to validate and keep this up-to-date.</statement><status>NotAFinding</status></ComplianceStatementExport><ComplianceStatementExport><family>AC</family><number>1</number><enhancement>0</enhancement><cci>CCI-000006</cci><cciDefinition>The organization reviews and updates the access control procedures in accordance with organization-defined frequency.</cciDefinition><statement>The access control policy document addresses all purpose, scope, roles, responsibilities, and includes procedures, processes and update frequency information to validate and keep this up-to-date.</statement><status>NotAFinding</status></ComplianceStatementExport><ComplianceStatementExport><family>AC</family><number>1</number><enhancement>0</enhancement><cci>CCI-001545</cci><cciDefinition>The organization defines a frequency for reviewing and updating the access control policy.</cciDefinition><statement>The access control policy document addresses all purpose, scope, roles, responsibilities, and includes procedures, processes and update frequency information to validate and keep this up-to-date.</statement><status>NotAFinding</status></ComplianceStatementExport><ComplianceStatementExport><family>AC</family><number>1</number><enhancement>0</enhancement><cci>CCI-001546</cci><cciDefinition>The organization defines a frequency for reviewing and updating the access control procedures.</cciDefinition><statement>The access control policy document addresses all purpose, scope, roles, responsibilities, and includes procedures, processes and update frequency information to validate and keep this up-to-date.</statement><status>NotAFinding</status></ComplianceStatementExport><ComplianceStatementExport><family>AC</family><number>2</number><enhancement>1</enhancement><cci>CCI-000015</cci><cciDefinition>The organization employs automated mechanisms to support the information system account management functions.</cciDefinition><statement>We use Active Directory as well as CAC to support management of accounts throughout the enterprise.</statement><status>NotAFinding</status></ComplianceStatementExport><ComplianceStatementExport><family>AC</family><number>2</number><enhancement>2</enhancement><cci>CCI-001361</cci><cciDefinition>The organization defines a time period after which temporary accounts are automatically terminated.</cciDefinition><statement>We do not use temporary accounts.</statement><status>Not_Applicable</status></ComplianceStatementExport><ComplianceStatementExport><family>AC</family><number>2</number><enhancement>2</enhancement><cci>CCI-001365</cci><cciDefinition>The organization defines a time period after which emergency accounts are automatically terminated.</cciDefinition><statement>We do not use emergency accounts.</statement><status>Not_Applicable</status></ComplianceStatementExport><ComplianceStatementExport><family>AC</family><number>2</number><enhancement>3</enhancement><cci>CCI-000017</cci><cciDefinition>The information system automatically disables inactive accounts after an organization-defined time period.</cciDefinition><statement>We disable accounts after 45 days of inactivity.</statement><status>NotAFinding</status></ComplianceStatementExport><ComplianceStatementExport><family>AC</family><number>2</number><enhancement>3</enhancement><cci>CCI-000217</cci><cciDefinition>The organization defines a time period after which inactive accounts are automatically disabled.</cciDefinition><statement>We disable accounts after 45 days of inactivity.</statement><status>NotAFinding</status></ComplianceStatementExport><ComplianceStatementExport><family>AU</family><number>10</number><enhancement>0</enhancement><cci>CCI-001899</cci><cciDefinition>The organization defines the actions to be covered by non-repudiation.</cciDefinition><statement /><status>Not_Reviewed</status></ComplianceStatementExport><ComplianceStatementExport><family>AU</family><number>11</number><enhancement>0</enhancement><cci>CCI-000167</cci><cciDefinition>The organization retains audit records for an organization-defined time period to provide support for after-the-fact investigations of security incidents and to meet regulatory and organizational information retention requirements.</cciDefinition><statement /><status>Not_Reviewed</status></ComplianceStatementExport><ComplianceStatementExport><family>AU</family><number>11</number><enhancement>0</enhancement><cci>CCI-000168</cci><cciDefinition>The organization defines the time period for retention of audit records, which is consistent with its records retention policy, to provide support for after-the-fact investigations of security incidents and meet regulatory and organizational information retention requirements.</cciDefinition><statement /><status>Open</status></ComplianceStatementExport><ComplianceStatementExport><family>PM</family><number>1</number><enhancement>0</enhancement><cci>CCI-000073</cci><cciDefinition>The organization develops an organization-wide information security program plan that provides an overview of the requirements for the security program and a description of the security program management controls and common controls in place or planned for meeting those requirements.</cciDefinition><statement>Our program management plan has information for the organization on the security of our applications and systems, training, done by the CISO and members of the "C" suite. This document covers all security aspects from the PM level and is reviewed at least twice a year. The plan is sent out to all program managers and project managers, is briefed at the company yearly meeting, and is available internally on our shared drive along with other program level information for all our staff and subcontractors. All roles, responsibilities, data, artifacts, reports, and risk areas are outlined in the PMP as well. Only those with access to the data are allowed to view it, and only based on their outlined role in the PMP.</statement><status>NotAFinding</status></ComplianceStatementExport><ComplianceStatementExport><family>PM</family><number>1</number><enhancement>0</enhancement><cci>CCI-000074</cci><cciDefinition>The organization develops an organization-wide information security program plan that is approved by a senior official with responsibility and accountability for the risk being incurred to organizational operations (including mission, functions, image, and reputation), organizational assets, individuals, other organizations, and the Nation.</cciDefinition><statement>Our program management plan has information for the organization on the security of our applications and systems, training, done by the CISO and members of the "C" suite. This document covers all security aspects from the PM level and is reviewed at least twice a year. The plan is sent out to all program managers and project managers, is briefed at the company yearly meeting, and is available internally on our shared drive along with other program level information for all our staff and subcontractors. All roles, responsibilities, data, artifacts, reports, and risk areas are outlined in the PMP as well. Only those with access to the data are allowed to view it, and only based on their outlined role in the PMP.</statement><status>NotAFinding</status></ComplianceStatementExport><ComplianceStatementExport><family>PM</family><number>1</number><enhancement>0</enhancement><cci>CCI-000075</cci><cciDefinition>The organization reviews the organization-wide information security program plan on an organization-defined frequency.</cciDefinition><statement>Our program management plan has information for the organization on the security of our applications and systems, training, done by the CISO and members of the "C" suite. This document covers all security aspects from the PM level and is reviewed at least twice a year. The plan is sent out to all program managers and project managers, is briefed at the company yearly meeting, and is available internally on our shared drive along with other program level information for all our staff and subcontractors. All roles, responsibilities, data, artifacts, reports, and risk areas are outlined in the PMP as well. Only those with access to the data are allowed to view it, and only based on their outlined role in the PMP.</statement><status>NotAFinding</status></ComplianceStatementExport><ComplianceStatementExport><family>PM</family><number>1</number><enhancement>0</enhancement><cci>CCI-000076</cci><cciDefinition>The organization defines the frequency with which to review the organization-wide information security program plan.</cciDefinition><statement>Our program management plan has information for the organization on the security of our applications and systems, training, done by the CISO and members of the "C" suite. This document covers all security aspects from the PM level and is reviewed at least twice a year. The plan is sent out to all program managers and project managers, is briefed at the company yearly meeting, and is available internally on our shared drive along with other program level information for all our staff and subcontractors. All roles, responsibilities, data, artifacts, reports, and risk areas are outlined in the PMP as well. Only those with access to the data are allowed to view it, and only based on their outlined role in the PMP.</statement><status>NotAFinding</status></ComplianceStatementExport><ComplianceStatementExport><family>PM</family><number>1</number><enhancement>0</enhancement><cci>CCI-000077</cci><cciDefinition>The organization updates the plan to address organizational changes and problems identified during plan implementation or security control assessments.</cciDefinition><statement>Our program management plan has information for the organization on the security of our applications and systems, training, done by the CISO and members of the "C" suite. This document covers all security aspects from the PM level and is reviewed at least twice a year. The plan is sent out to all program managers and project managers, is briefed at the company yearly meeting, and is available internally on our shared drive along with other program level information for all our staff and subcontractors. All roles, responsibilities, data, artifacts, reports, and risk areas are outlined in the PMP as well. Only those with access to the data are allowed to view it, and only based on their outlined role in the PMP.</statement><status>NotAFinding</status></ComplianceStatementExport><ComplianceStatementExport><family>PM</family><number>1</number><enhancement>0</enhancement><cci>CCI-001680</cci><cciDefinition>The organization develops an organization-wide information security program plan that includes the identification and assignment of roles, responsibilities, management commitment, coordination among organizational entities, and compliance.</cciDefinition><statement>Our program management plan has information for the organization on the security of our applications and systems, training, done by the CISO and members of the "C" suite. This document covers all security aspects from the PM level and is reviewed at least twice a year. The plan is sent out to all program managers and project managers, is briefed at the company yearly meeting, and is available internally on our shared drive along with other program level information for all our staff and subcontractors. All roles, responsibilities, data, artifacts, reports, and risk areas are outlined in the PMP as well. Only those with access to the data are allowed to view it, and only based on their outlined role in the PMP.</statement><status>NotAFinding</status></ComplianceStatementExport><ComplianceStatementExport><family>PM</family><number>1</number><enhancement>0</enhancement><cci>CCI-002984</cci><cciDefinition>The organization develops an organization-wide information security program plan that reflects coordination among organizational entities responsible for the different aspects of information security (i.e., technical, physical, personnel, cyber-physical).</cciDefinition><statement>Our program management plan has information for the organization on the security of our applications and systems, training, done by the CISO and members of the "C" suite. This document covers all security aspects from the PM level and is reviewed at least twice a year. The plan is sent out to all program managers and project managers, is briefed at the company yearly meeting, and is available internally on our shared drive along with other program level information for all our staff and subcontractors. All roles, responsibilities, data, artifacts, reports, and risk areas are outlined in the PMP as well. Only those with access to the data are allowed to view it, and only based on their outlined role in the PMP.</statement><status>NotAFinding</status></ComplianceStatementExport><ComplianceStatementExport><family>PM</family><number>1</number><enhancement>0</enhancement><cci>CCI-002985</cci><cciDefinition>The organization disseminates an organization-wide information security program plan that provides an overview of the requirements for the security program and a description of the security program management controls and common controls in place or planned for meeting those requirements.</cciDefinition><statement>Our program management plan has information for the organization on the security of our applications and systems, training, done by the CISO and members of the "C" suite. This document covers all security aspects from the PM level and is reviewed at least twice a year. The plan is sent out to all program managers and project managers, is briefed at the company yearly meeting, and is available internally on our shared drive along with other program level information for all our staff and subcontractors. All roles, responsibilities, data, artifacts, reports, and risk areas are outlined in the PMP as well. Only those with access to the data are allowed to view it, and only based on their outlined role in the PMP.</statement><status>NotAFinding</status></ComplianceStatementExport><ComplianceStatementExport><family>PM</family><number>1</number><enhancement>0</enhancement><cci>CCI-002986</cci><cciDefinition>The organization disseminates an organization-wide information security program plan that includes the identification and assignment of roles, responsibilities, management commitment, coordination among organizational entities, and compliance.</cciDefinition><statement>Our program management plan has information for the organization on the security of our applications and systems, training, done by the CISO and members of the "C" suite. This document covers all security aspects from the PM level and is reviewed at least twice a year. The plan is sent out to all program managers and project managers, is briefed at the company yearly meeting, and is available internally on our shared drive along with other program level information for all our staff and subcontractors. All roles, responsibilities, data, artifacts, reports, and risk areas are outlined in the PMP as well. Only those with access to the data are allowed to view it, and only based on their outlined role in the PMP.</statement><status>NotAFinding</status></ComplianceStatementExport><ComplianceStatementExport><family>PM</family><number>1</number><enhancement>0</enhancement><cci>CCI-002987</cci><cciDefinition>The organization disseminates an organization-wide information security program plan that reflects coordination among organizational entities responsible for the different aspects of information security (i.e., technical, physical, personnel, cyber-physical).</cciDefinition><statement>Our program management plan has information for the organization on the security of our applications and systems, training, done by the CISO and members of the "C" suite. This document covers all security aspects from the PM level and is reviewed at least twice a year. The plan is sent out to all program managers and project managers, is briefed at the company yearly meeting, and is available internally on our shared drive along with other program level information for all our staff and subcontractors. All roles, responsibilities, data, artifacts, reports, and risk areas are outlined in the PMP as well. Only those with access to the data are allowed to view it, and only based on their outlined role in the PMP.</statement><status>NotAFinding</status></ComplianceStatementExport><ComplianceStatementExport><family>PM</family><number>1</number><enhancement>0</enhancement><cci>CCI-002988</cci><cciDefinition>The organization disseminates an organization-wide information security program plan that is approved by a senior official with responsibility and accountability for the risk being incurred to organizational operations (including mission, functions, image, and reputation), organizational assets, individuals, other organizations, and the Nation.</cciDefinition><statement>Our program management plan has information for the organization on the security of our applications and systems, training, done by the CISO and members of the "C" suite. This document covers all security aspects from the PM level and is reviewed at least twice a year. The plan is sent out to all program managers and project managers, is briefed at the company yearly meeting, and is available internally on our shared drive along with other program level information for all our staff and subcontractors. All roles, responsibilities, data, artifacts, reports, and risk areas are outlined in the PMP as well. Only those with access to the data are allowed to view it, and only based on their outlined role in the PMP.</statement><status>NotAFinding</status></ComplianceStatementExport><ComplianceStatementExport><family>PM</family><number>1</number><enhancement>0</enhancement><cci>CCI-002989</cci><cciDefinition>The organization protects the information security program plan from unauthorized disclosure.</cciDefinition><statement>Our program management plan has information for the organization on the security of our applications and systems, training, done by the CISO and members of the "C" suite. This document covers all security aspects from the PM level and is reviewed at least twice a year. The plan is sent out to all program managers and project managers, is briefed at the company yearly meeting, and is available internally on our shared drive along with other program level information for all our staff and subcontractors. All roles, responsibilities, data, artifacts, reports, and risk areas are outlined in the PMP as well. Only those with access to the data are allowed to view it, and only based on their outlined role in the PMP.</statement><status>NotAFinding</status></ComplianceStatementExport><ComplianceStatementExport><family>PM</family><number>1</number><enhancement>0</enhancement><cci>CCI-002990</cci><cciDefinition>The organization protects the information security program plan from unauthorized modification.</cciDefinition><statement>Our program management plan has information for the organization on the security of our applications and systems, training, done by the CISO and members of the "C" suite. This document covers all security aspects from the PM level and is reviewed at least twice a year. The plan is sent out to all program managers and project managers, is briefed at the company yearly meeting, and is available internally on our shared drive along with other program level information for all our staff and subcontractors. All roles, responsibilities, data, artifacts, reports, and risk areas are outlined in the PMP as well. Only those with access to the data are allowed to view it, and only based on their outlined role in the PMP.</statement><status>NotAFinding</status></ComplianceStatementExport><ComplianceStatementExport><family>PM</family><number>2</number><enhancement>0</enhancement><cci>CCI-000078</cci><cciDefinition>The organization appoints a senior information security officer with the mission and resources to coordinate, develop, implement, and maintain an organization-wide information security program.</cciDefinition><statement>The CISO is tasked with the security plan, money allocated to all infrastructure, people, process, and external entities involved in it as well.</statement><status>NotAFinding</status></ComplianceStatementExport><ComplianceStatementExport><family>PM</family><number>3</number><enhancement>0</enhancement><cci>CCI-000080</cci><cciDefinition>The organization ensures that all capital planning and investment requests include the resources needed to implement the information security program and documents all exceptions to this requirement.</cciDefinition><statement>The CISO is tasked with the security plan, money allocated to all infrastructure, people, process, and external entities involved in it as well.</statement><status>NotAFinding</status></ComplianceStatementExport><ComplianceStatementExport><family>PM</family><number>3</number><enhancement>0</enhancement><cci>CCI-000081</cci><cciDefinition>The organization employs a business case/Exhibit 300/Exhibit 53 to record the resources required.</cciDefinition><statement>The CISO is tasked with the security plan, money allocated to all infrastructure, people, process, and external entities involved in it as well.</statement><status>NotAFinding</status></ComplianceStatementExport><ComplianceStatementExport><family>PM</family><number>3</number><enhancement>0</enhancement><cci>CCI-000141</cci><cciDefinition>The organization ensures that information security resources are available for expenditure as planned.</cciDefinition><statement>The CISO is tasked with the security plan, money allocated to all infrastructure, people, process, and external entities involved in it as well.</statement><status>NotAFinding</status></ComplianceStatementExport><ComplianceStatementExport><family>PM</family><number>4</number><enhancement>0</enhancement><cci>CCI-000142</cci><cciDefinition>The organization implements a process for ensuring that plans of action and milestones for the security program and the associated organizational information systems are maintained.</cciDefinition><statement>The POAM is tracked internally and has risk, impact, likelihood, severity, mitigations and people assigned to each entry automatically using OpenRMF Professional.</statement><status>NotAFinding</status></ComplianceStatementExport><ComplianceStatementExport><family>PM</family><number>4</number><enhancement>0</enhancement><cci>CCI-000170</cci><cciDefinition>The organization implements a process for ensuring that plans of action and milestones for the security program and associated organizational information systems document the remedial information security actions to adequately respond to risk to organizational operations and assets, individuals, other organizations, and the Nation.</cciDefinition><statement>The POAM is tracked internally and has risk, impact, likelihood, severity, mitigations and people assigned to each entry automatically using OpenRMF Professional.</statement><status>NotAFinding</status></ComplianceStatementExport><ComplianceStatementExport><family>PM</family><number>4</number><enhancement>0</enhancement><cci>CCI-002991</cci><cciDefinition>The organization implements a process for ensuring that plans of action and milestones for the security program and associated organizational information systems are developed.</cciDefinition><statement>The POAM is tracked internally and has risk, impact, likelihood, severity, mitigations and people assigned to each entry automatically using OpenRMF Professional.</statement><status>NotAFinding</status></ComplianceStatementExport><ComplianceStatementExport><family>PM</family><number>4</number><enhancement>0</enhancement><cci>CCI-002992</cci><cciDefinition>The organization implements a process for ensuring that plans of action and milestones for the security program and associated organizational information systems are reported in accordance with OMB FISMA reporting requirements.</cciDefinition><statement>The POAM is tracked internally and has risk, impact, likelihood, severity, mitigations and people assigned to each entry automatically using OpenRMF Professional.</statement><status>NotAFinding</status></ComplianceStatementExport><ComplianceStatementExport><family>PM</family><number>4</number><enhancement>0</enhancement><cci>CCI-002993</cci><cciDefinition>The organization reviews plans of action and milestones for the security program and associated organization information systems for consistency with the organizational risk management strategy and organization-wide priorities for risk response actions.</cciDefinition><statement>The POAM is tracked internally and has risk, impact, likelihood, severity, mitigations and people assigned to each entry automatically using OpenRMF Professional.</statement><status>NotAFinding</status></ComplianceStatementExport><ComplianceStatementExport><family>PM</family><number>5</number><enhancement>0</enhancement><cci>CCI-000207</cci><cciDefinition>The organization develops and maintains an inventory of its information systems.</cciDefinition><statement>All hardware, software, PPSM, and 3rd party tools are kept in our asset management applications as well as tracked with our security compliance in OpenRMF Professional.</statement><status>NotAFinding</status></ComplianceStatementExport><ComplianceStatementExport><family>PM</family><number>6</number><enhancement>0</enhancement><cci>CCI-000209</cci><cciDefinition>The organization develops the results of information security measures of performance.</cciDefinition><statement>This is done on a per contract basis for the agency or organization and must be reviewed and updated accordingly.</statement><status>Open</status></ComplianceStatementExport><ComplianceStatementExport><family>PM</family><number>6</number><enhancement>0</enhancement><cci>CCI-000210</cci><cciDefinition>The organization monitors the results of information security measures of performance.</cciDefinition><statement>This is done on a per contract basis for the agency or organization and must be reviewed and updated accordingly.</statement><status>Open</status></ComplianceStatementExport><ComplianceStatementExport><family>PM</family><number>6</number><enhancement>0</enhancement><cci>CCI-000211</cci><cciDefinition>The organization reports on the results of information security measures of performance.</cciDefinition><statement>This is done on a per contract basis for the agency or organization and must be reviewed and updated accordingly.</statement><status>Open</status></ComplianceStatementExport><ComplianceStatementExport><family>PM</family><number>7</number><enhancement>0</enhancement><cci>CCI-000212</cci><cciDefinition>The organization develops an enterprise architecture with consideration for information security and the resulting risk to organizational operations, organizational assets, individuals, other organizations, and the Nation.</cciDefinition><statement>This is done on a per contract basis for the agency or organization and must be reviewed and updated accordingly.</statement><status>Open</status></ComplianceStatementExport><ComplianceStatementExport><family>PM</family><number>8</number><enhancement>0</enhancement><cci>CCI-001640</cci><cciDefinition>The organization updates the critical infrastructure and key resources protection plan that addresses information security issues.</cciDefinition><statement>This is done on a per contract basis for the agency or organization and must be reviewed and updated accordingly.</statement><status>Open</status></ComplianceStatementExport><ComplianceStatementExport><family>PM</family><number>9</number><enhancement>0</enhancement><cci>CCI-000227</cci><cciDefinition>The organization develops a comprehensive strategy to manage risk to organizational operations and assets, individuals, other organizations, and the Nation associated with the operation and use of information systems.</cciDefinition><statement>This is done on a per contract basis for the agency or organization and must be reviewed and updated accordingly.</statement><status>Open</status></ComplianceStatementExport><ComplianceStatementExport><family>PM</family><number>9</number><enhancement>0</enhancement><cci>CCI-000228</cci><cciDefinition>The organization implements a comprehensive strategy to manage risk to organization operations and assets, individuals, other organizations, and the Nation associated with the operation and use of information systems consistently across the organization.</cciDefinition><statement>This is done on a per contract basis for the agency or organization and must be reviewed and updated accordingly.</statement><status>Open</status></ComplianceStatementExport><ComplianceStatementExport><family>PM</family><number>9</number><enhancement>0</enhancement><cci>CCI-002994</cci><cciDefinition>The organization reviews and updates the risk management strategy in accordance with organization-defined frequency or as required, to address organizational changes.</cciDefinition><statement>This is done on a per contract basis for the agency or organization and must be reviewed and updated accordingly.</statement><status>Open</status></ComplianceStatementExport><ComplianceStatementExport><family>PM</family><number>9</number><enhancement>0</enhancement><cci>CCI-002995</cci><cciDefinition>The organization defines the frequency with which to review and update the risk management strategy to address organizational changes.</cciDefinition><statement>This is done on a per contract basis for the agency or organization and must be reviewed and updated accordingly.</statement><status>Open</status></ComplianceStatementExport><ComplianceStatementExport><family>PM</family><number>10</number><enhancement>0</enhancement><cci>CCI-000229</cci><cciDefinition>The organization documents the security state of organizational information systems and the environments in which those systems operate through security authorization processes.</cciDefinition><statement>This is done on a per contract basis for the agency or organization and must be reviewed and updated accordingly.</statement><status>Open</status></ComplianceStatementExport><ComplianceStatementExport><family>PM</family><number>10</number><enhancement>0</enhancement><cci>CCI-000230</cci><cciDefinition>The organization tracks the security state of organizational information systems and the environments in which those systems operate through security authorization processes.</cciDefinition><statement>This is done on a per contract basis for the agency or organization and must be reviewed and updated accordingly.</statement><status>Open</status></ComplianceStatementExport><ComplianceStatementExport><family>PM</family><number>10</number><enhancement>0</enhancement><cci>CCI-000231</cci><cciDefinition>The organization reports the security state of organizational information systems and the environments in which those systems operate through security authorization processes.</cciDefinition><statement>This is done on a per contract basis for the agency or organization and must be reviewed and updated accordingly.</statement><status>Open</status></ComplianceStatementExport><ComplianceStatementExport><family>PM</family><number>10</number><enhancement>0</enhancement><cci>CCI-000233</cci><cciDefinition>The organization designates individuals to fulfill specific roles and responsibilities within the organizational risk management process.</cciDefinition><statement>This is done on a per contract basis for the agency or organization and must be reviewed and updated accordingly.</statement><status>Open</status></ComplianceStatementExport><ComplianceStatementExport><family>PM</family><number>10</number><enhancement>0</enhancement><cci>CCI-000234</cci><cciDefinition>The organization fully integrates the security authorization processes into an organization-wide risk management program.</cciDefinition><statement>This is done on a per contract basis for the agency or organization and must be reviewed and updated accordingly.</statement><status>Open</status></ComplianceStatementExport></ArrayOfComplianceStatementExport>